Nome, Indirizzo, Localit√†
calzature manuela,calle del galizzi 1025,venezia
lumberjack,via della pace 26,san giuliano milanese
franco calzature,piazza i maggio 10/12,bracciano
fissimarket,via giovanni lanza 29,firenze
hassan,piazza della balduina 11,roma
fissimarket outlet,via de neri 64,firenze
lumberjack outletpuglia outlet village,via dei portuali 12,molfetta
lumberjack outletfranciacorta outlet village,piazza cascina moie 1/2,rodengo saiano
kometa,via santa maria ausiliatrice 136,roma
fissimarket,via francesco de sanctis 32,firenze
kraler josefst.,johannesstrasse 10,dobbiaco
lumberjack centro commerciale auchan cuneo,via margarita 8,cuneo
