Nome, Indirizzo, Località
melluso,piazza municipio 46/48,santa teresa di riva
melluso,via appia nuova 105/a,roma
melluso,corso garibaldi 131,napoli
melluso,via cavour 19,lodi
melluso,via santa caterina a chiaia 16,napoli
melluso,via oberdan 19,velletri
melluso,via dei lauri 20,aprilia
meluso store,via cavour 82,lecco
melluso,via giuseppe mazzini 5,torino
melluso,via olevano 1,battipaglia
melluso,via dei mille 88,messina
melluso,via po 47/c,roma
melluso centro commerciale roma est,via collatina 858,roma
melluso,piazza porta di sant'isaia 4,bologna
dudu bimbo,via italia 61,capaccio
melluso,corso gramsci 5,genzano di roma
pittarello rosso,viale trieste 57,montecchio maggiore
melluso centro commerciale euroma2,via dell'oceano pacifico 83,roma
melluso,via delle ninfee 9/11,roma
melluso,via franco sacchetti 25/g,roma
melluso centro commerciale bonola,via giacomo quarenghi 23,milano
melluso,via vigentina pavia
melluso centro commerciale campania,strada statale sannitica località aurno 87,marcianise
melluso,via posidonia 186/188,salerno
federici & orfei,via prenestina 386,roma
melluso,via meravigli 15,milano
melluso,viale della resistenza 181,calvizzano
natural shoes,via  pavia 80,roma
melluso,via macello,pompei
